Item,Price,Store
【Light+】超萌妖怪苔球-吉胖喵,394,udn買東西
妖怪手錶 吉胖喵100%純棉浴巾,590,udn買東西
妖怪手錶【吉胖喵】頭型抱枕,590,GOHAPPY
妖怪手錶【吉胖喵】頭型抱枕,590,GOHAPPY
【BANDAI】妖怪轉蛋(吉胖喵篇),375,momo富邦購物館
妖怪手錶 - 吉胖喵氣球,890,Yahoo奇摩購物中心
妖怪手錶 QQ吉胖喵吊飾,148,博客來
妖怪手錶(吉胖喵)一卡通｜ 普通卡,100,Yahoo超級商城
下殺-BANDAI 妖怪轉蛋 吉胖喵篇,299,ibon mart
妖怪手錶 吉胖喵氣球,1295,博客來
妖怪手錶 吉胖喵100%純棉浴巾,290,哇寶居家生活館
【原單】吉胖喵電子手錶,170,Yahoo超級商城
《童趣植栽》【Light+Bio】超萌妖怪苔球-吉胖喵,448,myfone購物
妖怪手錶手機束口袋。吉胖喵,235,GOHAPPY
妖怪手錶手機擦吊飾。吉胖喵,199,GOHAPPY
妖怪手錶手機擦吊飾。吉胖喵,199,GOHAPPY
【妖怪手錶】警報器吊飾(吉胖喵),565,momo富邦購物館
【 日本 BANDAI 】妖怪手錶 絨毛娃娃 吉胖喵 MM651651,599,ibon mart
妖怪手錶扣環吊飾。吉胖喵,250,ibon mart
妖怪手錶手機擦吊飾。吉胖喵,199,ibon mart
妖怪手錶 15公分 透明洞洞尺 吉胖喵紅,11,Yahoo超級商城
妖怪手錶【吉胖喵】頭型暖手抱枕,650,GOHAPPY
妖怪手錶毛絨護腕。吉胖喵,285,GOHAPPY
妖怪手錶金屬吊飾。吉胖喵,199,GOHAPPY
【妖怪手錶】兒童連身雨衣(吉胖喵),850,momo富邦購物館
【妖怪手錶】吉胖喵疊疊樂,1100,全家行動購
【迎光】超萌妖怪苔球-吉胖喵,448,博客來
ENSKY 3D 立體拼圖 KM-72 吉胖喵 透明版 日版,330,Yahoo奇摩購物中心
妖怪手錶毛絨護腕。吉胖喵,285,ibon mart
妖怪手錶手機擦吊飾。吉胖喵,199,ibon mart
【Nano Block迷你積木 】NBH-094妖怪手錶吉胖喵,479,friDay購物
妖怪手錶毛絨護腕。吉胖喵,285,GOHAPPY
妖怪手錶手機束口袋。吉胖喵,235,GOHAPPY
妖怪手錶手機擦吊飾。吉胖喵,199,GOHAPPY
妖怪手錶金牌吊飾。吉胖喵,199,GOHAPPY
妖怪手錶金屬吊飾。吉胖喵,199,GOHAPPY
妖怪手錶手機擦吊飾。吉胖喵,199,GOHAPPY
妖怪手錶金牌吊飾。吉胖喵,199,GOHAPPY
妖怪手錶 雙孔削筆器 吉胖喵&浮游喵 (藍),26,Yahoo超級商城
【妖怪手錶】錶數位收納包(吉胖喵),299,momo富邦購物館
妖怪手錶【吉胖喵】頭型暖手抱枕,650,博客來
妖怪手錶 - 吉胖喵3D立體小拼圖,249,Yahoo奇摩購物中心
妖怪手錶手機束口袋。吉胖喵,235,ibon mart
《妖怪手錶》吉胖喵單人床包二件式-誕生秘密,599,udn買東西
妖怪手錶 吉胖喵與小石獅100%純棉條紋浴巾,590,udn買東西
【BabyTiger虎兒寶】卡通造型幼教兒童睡袋- 妖怪手錶-吉胖喵,1088,GOHAPPY
【BabyTiger虎兒寶】卡通造型幼教兒童睡袋- 妖怪手錶-吉胖喵,1088,GOHAPPY
妖怪手錶兒童連身雨衣。吉胖喵,850,GOHAPPY
妖怪手錶趴姿毛絨公仔。吉胖喵,720,GOHAPPY
妖怪手錶警報器吊飾。吉胖喵,565,GOHAPPY
妖怪手錶毛絨小公仔。吉胖喵,540,GOHAPPY
妖怪手錶毛絨小公仔。吉胖喵,540,GOHAPPY
【波克貓哈日網】妖怪手錶系列◇造型相框◇《吉胖喵》,465,GOHAPPY
妖怪手錶毛絨公仔筆袋。吉胖喵,450,GOHAPPY
妖怪手錶毛萬用小包。吉胖喵,350,GOHAPPY
妖怪手錶金屬人形吊飾。吉胖喵,199,GOHAPPY
妖怪手錶金牌吊飾。吉胖喵,199,Yahoo超級商城
妖怪手錶毛絨護腕。吉胖喵,197,Yahoo奇摩購物中心
妖怪手錶 妖怪徽章變形 吉胖喵,108,博客來
【妖怪手錶】吉胖喵二用手提兒童睡袋(武士慶典),799,momo富邦購物館
